V2 Solenoid Engine BOM,,,,
Component Category,Item,Cost,Side Note,Link
Foundation Structure,Base, $-   , I am making it locally with plywood to keep costs low by avoiding laser cutting 5mm wood ,
,Exoskeleton, $-   , I will pay for it ,
,, $-   ,,
Structural Components,Crankshaft Mount, $12.03 ," The mount has to be very stong as it houses the flywheel, crankshaft and sensors ",https://jlc3dp.com/3d-printing-quote?spm=Jlc3dp.Homepage
,Cylinder Mount Lower, $21.13 , The mount has to be strong and heat resistive ,https://jlc3dp.com/3d-printing-quote?spm=Jlc3dp.Homepage
,Spool Cap A1, $1.04 ,,https://jlc3dp.com/3d-printing-quote?spm=Jlc3dp.Homepage
,Spool Cap A2, $1.04 ,,https://jlc3dp.com/3d-printing-quote?spm=Jlc3dp.Homepage
,Spool Cap B1, $1.04 ,,https://jlc3dp.com/3d-printing-quote?spm=Jlc3dp.Homepage
,Spool Cap B2, $1.04 ,,https://jlc3dp.com/3d-printing-quote?spm=Jlc3dp.Homepage
,Cylinder A, $3.81 , These are the sleeves and need to be extremely heat resistive ,https://jlc3dp.com/3d-printing-quote?spm=Jlc3dp.Homepage
,Cylinder B, $3.81 , These are the sleeves and need to be extremely heat resistive ,https://jlc3dp.com/3d-printing-quote?spm=Jlc3dp.Homepage
,Mount Cap A1, $1.04 ,,https://jlc3dp.com/3d-printing-quote?spm=Jlc3dp.Homepage
,Mount Cap A2, $1.04 ,,https://jlc3dp.com/3d-printing-quote?spm=Jlc3dp.Homepage
,Mount Cap B1, $1.04 ,,https://jlc3dp.com/3d-printing-quote?spm=Jlc3dp.Homepage
,Mount Cap B2, $1.04 ,,https://jlc3dp.com/3d-printing-quote?spm=Jlc3dp.Homepage
,Yoke A, $-   ," This needs CNC, and as it was costing $39.25, I cancelled it (decreases efficiency significanty) ",
,Yoke B, $-   ," This needs CNC, and as it was costing $39.25, I cancelled it (decreases efficiency significanty) ",
,, $49.10 ,,
Mechanical Components,Plunger A, $-   ," Doing CNC will cost $38, so I chose to manage it locally instead (decreases efficiency) ",
,Plunger B, $-   ," Doing CNC will cost $38, so I chose to manage it locally instead (decreases efficiency) ",
,Piston Head A, $0.94 ,,https://jlc3dp.com/3d-printing-quote?spm=Jlc3dp.Homepage.1006
,Piston Head B, $0.94 ,,https://jlc3dp.com/3d-printing-quote?spm=Jlc3dp.Homepage.1006
,Piston Pin A, $-   ,,https://jlc3dp.com/3d-printing-quote?spm=Jlc3dp.Homepage.1006
,Piston Pin B, $-   ,,https://jlc3dp.com/3d-printing-quote?spm=Jlc3dp.Homepage.1006
,Connecting Rod A, $0.94 ,,https://jlc3dp.com/3d-printing-quote?spm=Jlc3dp.Homepage.1006
,Connecting Rod B, $0.94 ,,https://jlc3dp.com/3d-printing-quote?spm=Jlc3dp.Homepage.1006
,Crank A, $0.94 ,,https://jlc3dp.com/3d-printing-quote?spm=Jlc3dp.Homepage.1006
,Crank B, $0.94 ,,https://jlc3dp.com/3d-printing-quote?spm=Jlc3dp.Homepage.1006
,Axle, $0.94 ,,https://jlc3dp.com/3d-printing-quote?spm=Jlc3dp.Homepage.1006
,Flywheel, $42.41 ," It must be 1.5 kg, but I made it only 1 kg instead just to keep the CNC cost as low as possible. ",https://www.pcbway.com/rapid-prototyping/manufacture/?type=1
,Ball Bearings, $0.82 ,,https://robu.in/product/radial-ball-bearing-626zz-for-3d-printer-robot-4pcs/
,, $49.81 ,,
Electronic Components,Mean Well LRS-450-24, $43.43 , I switched from Mean Well LRS-600-24 (expensive) to this (cheaper) ,https://www.amazon.in/gp/product/B0CH4YY722/ref=ewc_pr_img_1?smid=A13K6Y4N7NSFDR&psc=1
,Copper Wire [1], $16.45 , 50 m needeed as I want more turns for less current and heat ,https://www.amazon.in/gp/product/B07GTX1Z32/ref=ewc_pr_img_1?smid=AP7MBNLZTN3FQ&psc=1
,Esp-32-DEVKIT-V1 [1], $5.45 ,,https://www.amazon.in/gp/product/B071XP56LM/ref=ewc_pr_img_1?smid=AJ6SIZC8YQDZX&psc=1
,IRLZ44N Mosfet [2], $1.50 ,,https://robu.in/product/irlz44n/
,TC4427ACOA-MICROCHIP-MOSFET Driver [1], $1.66 ,,https://robu.in/product/tc4427acoa-microchip-mosfet-driver-dual-low-side-non-inverting-4-5v-18v-supply-1-5a-peak-out-7-ohm-output-soic-8/
,MBR3060PT-LITEON-Diode, $2.35 ,,https://robu.in/product/mbr3060pt-liteon-diode-array-1-pair-common-cathode-60-v-30a-through-hole-to-247-3/
,35PX4700MEFC16X35.5-Rubycon-4700uF Capacitors [4], $6.86 , Needed due to the high current ,https://robu.in/product/35px4700mefc16x35-5-rubycon-4700uf-35v-%C2%B120-2-1505a10khz-plugind16xl35-5mm-aluminum-electrolytic-capacitors-leaded-rohs/
,TCRT5000 Reflective IR Sensor [1 (Contains 5)], $0.60 ,,https://robu.in/product/tcrt5000-reflective-ir-sensor-photoelectric-switch/
,2 Pin Barrier Terminal Block Connector 9.5 mm [2], $1.53 ,,https://www.amazon.in/gp/product/B0B5PK5G92/ref=ewc_pr_img_1?smid=A2JDRZEGU1IDE2&psc=1
,2 Pin 5.08mm Pitch Pluggable Screw Terminal Block [6], $0.65 ,,https://robu.in/product/2-pin-5-08mm-pitch-pluggable-screw-terminal-block-pack-of-3/
,V2 Solenoid Engine PCB, $7.80 ,,https://cart.jlcpcb.com/shopcart/cart/
,, $88.28 ,,
Miscellaneous,JLC3DP Shipping (UPS Worldwide Express Saver), $12.81 , UPS Worldwide Express Saver is cheaper and faster than E-POST  ,
,Amazon Shipping, $-   , I will pay for it ,
,Robu.in Shipping, $-   , I will pay for it ,
,, $12.81 ,,
Grand Total Price,, $200.00 ,,
,,,,
,,,,
,,,,
,,,,
,,,,
,,,,
,,,,
,,,,
,,,,
,,,,
,,,,
